﻿{
  "disabled": false,
  "bindings": [
    {
      "name": "myQueueItem",
      "type": "serviceBusTrigger",
      "direction": "in",
      "queueName": "relaymessagequeue-plaintext-plaintext",
      "connection": "Endpoint=sb://antec-edis-servicebus-006.servicebus.windows.net/;SharedAccessKeyName=RootManageSharedAccessKey;SharedAccessKey=qH4PMNGCcnffpoU21++Z9eLPaUur5Yal3+ASbBVV+yA="
    },
    {
      "name": "outputSbMsg",
      "type": "serviceBus",
      "direction": "out",
      "queueName": "storagemessagequeue-plaintext-plaintext",
      "connection": "Endpoint=sb://antec-edis-servicebus-006.servicebus.windows.net/;SharedAccessKeyName=RootManageSharedAccessKey;SharedAccessKey=qH4PMNGCcnffpoU21++Z9eLPaUur5Yal3+ASbBVV+yA="
    }
  ]
}